{
	"class_name" : "PinholeCameraParameters",
	"extrinsic" : 
	[
		0.30221495966297041,
		-0.19958229728504986,
		0.93211213100481172,
		0.0,
		-0.95252192840634253,
		-0.10117001886801574,
		0.28716999005346638,
		0.0,
		0.036987755554667427,
		-0.97464431147607256,
		-0.22068160785702293,
		0.0,
		14.607055103384749,
		3.6761729497827904,
		-1.7407958003237578,
		1.0
	],
	"intrinsic" : 
	{
		"height" : 1050,
		"intrinsic_matrix" : 
		[
			909.3266739736606,
			0.0,
			0.0,
			0.0,
			909.3266739736606,
			0.0,
			959.5,
			524.5,
			1.0
		],
		"width" : 1920
	},
	"version_major" : 1,
	"version_minor" : 0
}